{
    "prepare_queue": {
        "installed": [],
        "uninstalled": []
    },
    "config_munge": {
        "files": {
            "res/xml/config.xml": {
                "parents": {
                    "/*": [
                        {
                            "xml": "<feature name=\"Keyboard\"><param name=\"android-package\" value=\"com.ionic.keyboard.IonicKeyboard\" /><param name=\"onload\" value=\"true\" /></feature>",
                            "count": 1
                        },
                        {
                            "xml": "<feature name=\"Device\"><param name=\"android-package\" value=\"org.apache.cordova.device.Device\" /></feature>",
                            "count": 1
                        },
                        {
                            "xml": "<feature name=\"SplashScreen\"><param name=\"android-package\" value=\"org.apache.cordova.splashscreen.SplashScreen\" /><param name=\"onload\" value=\"true\" /></feature>",
                            "count": 1
                        },
                        {
                            "xml": "<feature name=\"Whitelist\"><param name=\"android-package\" value=\"org.apache.cordova.whitelist.WhitelistPlugin\" /><param name=\"onload\" value=\"true\" /></feature>",
                            "count": 1
                        }
                    ]
                }
            }
        }
    },
    "installed_plugins": {
        "com.ionic.keyboard": {
            "PACKAGE_NAME": "com.ionicframework.todo352682"
        },
        "cordova-plugin-console": {
            "PACKAGE_NAME": "com.ionicframework.todo352682"
        },
        "cordova-plugin-device": {
            "PACKAGE_NAME": "com.ionicframework.todo352682"
        },
        "cordova-plugin-splashscreen": {
            "PACKAGE_NAME": "com.ionicframework.todo352682"
        },
        "cordova-plugin-whitelist": {
            "PACKAGE_NAME": "com.ionicframework.todo352682"
        }
    },
    "dependent_plugins": {},
    "modules": [
        {
            "id": "com.ionic.keyboard.keyboard",
            "file": "plugins/com.ionic.keyboard/www/keyboard.js",
            "pluginId": "com.ionic.keyboard",
            "clobbers": [
                "cordova.plugins.Keyboard"
            ]
        },
        {
            "id": "cordova-plugin-console.logger",
            "file": "plugins/cordova-plugin-console/www/logger.js",
            "pluginId": "cordova-plugin-console",
            "clobbers": [
                "cordova.logger"
            ]
        },
        {
            "id": "cordova-plugin-console.console",
            "file": "plugins/cordova-plugin-console/www/console-via-logger.js",
            "pluginId": "cordova-plugin-console",
            "clobbers": [
                "console"
            ]
        },
        {
            "id": "cordova-plugin-device.device",
            "file": "plugins/cordova-plugin-device/www/device.js",
            "pluginId": "cordova-plugin-device",
            "clobbers": [
                "device"
            ]
        },
        {
            "id": "cordova-plugin-splashscreen.SplashScreen",
            "file": "plugins/cordova-plugin-splashscreen/www/splashscreen.js",
            "pluginId": "cordova-plugin-splashscreen",
            "clobbers": [
                "navigator.splashscreen"
            ]
        },
        {
            "id": "cordova-plugin-whitelist.whitelist",
            "file": "plugins/cordova-plugin-whitelist/whitelist.js",
            "pluginId": "cordova-plugin-whitelist",
            "runs": true
        }
    ],
    "plugin_metadata": {
        "com.ionic.keyboard": "1.0.4",
        "cordova-plugin-console": "1.0.1",
        "cordova-plugin-device": "1.0.1",
        "cordova-plugin-splashscreen": "2.1.0",
        "cordova-plugin-whitelist": "1.1.0"
    }
}